datetime,Open,High,Low,Close
01/01/21,28912.47,28940,28896.36,28897.2
02/01/21,29131.88,29147.95,29057.41,29092.4
03/01/21,33032.97,33049.41,32845.31,32845.31
04/01/21,32758.87,32768.15,32671.96,32696.77
05/01/21,31179.5,31292.99,31179.5,31279.71
06/01/21,33499.99,33543,33482.8,33520.65
07/01/21,35347.63,35361.77,35334.68,35340.53
08/01/21,38907.54,38994.15,38825.87,38864.67
09/01/21,39938.32,40249.17,39938.32,40237.85
10/01/21,40731.16,40742.47,40724.99,40739.09
11/01/21,38078.08,38078.08,37965.56,37996.85
12/01/21,32545.83,32671.41,32530.53,32629.82
13/01/21,35036.9,35036.9,34904.94,34935.97
14/01/21,35698.57,35795.92,35698.57,35756.97
15/01/21,39296.62,39430.91,39291.61,39430.91
16/01/21,35450.33,35579.4,35450.33,35537.39
17/01/21,36517.63,36586.25,36517.63,36586.25
18/01/21,35680,35905.75,35680,35859.92
19/01/21,35783.96,35783.96,35730.22,35782.29
20/01/21,36446.95,36546.16,36443.11,36546.16
21/01/21,35268,35268,35187.41,35230.74
22/01/21,31742.9,31747.63,31651.94,31659.9
23/01/21,33345.79,33368.44,33280,33280
24/01/21,32203.35,32289.73,32171.02,32289.72
25/01/21,31859.6,31859.6,31775.3,31775.3
26/01/21,33640,33640,33578.25,33586.76
27/01/21,32275.69,32335.5,32275.69,32314.02
28/01/21,29740.24,29954.94,29740.24,29941.4
29/01/21,32703.9,32726.58,32623.17,32641.67
30/01/21,35230.39,35232.69,35102.44,35158.25
31/01/21,34363.25,34397.03,34353.72,34397.03
01/02/21,32489.13,32533.11,32440.98,32489.03
02/02/21,33731.47,33746.65,33700,33700.61
03/02/21,35313.95,35328.97,35262.09,35263.68
04/02/21,37200.82,37200.82,37088.32,37088.32
05/02/21,37200,37276.8,37200,37251.45
06/02/21,37423.85,37459.75,37407.79,37451.74
07/02/21,40383.43,40401.51,40366.41,40380.59
08/02/21,38321.26,38380.05,38321.26,38367.5
09/02/21,42696.34,42760.22,42696.34,42750
10/02/21,47072.73,47094.48,47031.93,47070.92
11/02/21,45159.42,45178.44,44990.47,45010.37
12/02/21,47711.78,47778,47711.78,47719.14
13/02/21,47313.11,47344.16,47276.34,47327.45
14/02/21,46832.94,46832.94,46777.54,46812.1
15/02/21,48780.3,48784.7,48668.13,48708.86
16/02/21,48390.64,48461.3,48390.64,48442.54
17/02/21,48666.12,48676.68,48648.92,48652.79
18/02/21,51427.41,51427.41,51381.29,51392.81
19/02/21,51800,51849.99,51798.25,51837.94
20/02/21,55400.02,55538.69,55399.26,55500.15
21/02/21,57161.4,57251.36,57159.64,57236.82
22/02/21,58206.59,58273.44,58155.37,58255.44
23/02/21,53231.55,53242.87,53080.95,53086.91
24/02/21,46811.12,46867.27,46663.37,46780.7
25/02/21,49623.33,49634.51,49614.65,49614.65
26/02/21,49537.47,49537.47,49350,49377.22
27/02/21,47309.17,47452.83,47309.17,47445.45
28/02/21,47152,47152,47080.8,47146.64
01/03/21,43741.54,43851.3,43741.54,43836.51
02/03/21,48514.97,48529.99,48389.66,48392.38
03/03/21,47688.47,47784,47688.47,47784
04/03/21,51275.9,51281.95,51261.28,51263.76
05/03/21,47600,47736.62,47557.9,47736.62
06/03/21,48503.73,48534.98,48479.11,48479.11
07/03/21,48490.75,48494.87,48440.08,48456.88
08/03/21,50409.58,50409.58,50319.16,50371.65
09/03/21,50806.23,50856.81,50806.23,50856.81
10/03/21,53906.93,53906.93,53833.9,53862.73
11/03/21,56727.25,56727.25,56669.49,56692.97
12/03/21,57536.62,57700,57536.62,57614.31
13/03/21,57353.14,57527.3,57344.4,57490.15
14/03/21,60303.33,60315.34,60258.62,60311.13
15/03/21,59935.87,60056.76,59935.87,60009.48
16/03/21,56631.89,56667.92,56564.19,56589.36
17/03/21,55750.76,55767.66,55691.08,55731.67
18/03/21,57909.61,58099.99,57909.61,58097.07
19/03/21,57287.58,57399.17,57000,57051.71
20/03/21,58879.81,58964.62,58871.02,58950.98
21/03/21,59289.74,59389.87,59289.74,59337.99
22/03/21,57571.73,57668.76,57571.73,57668.76
23/03/21,55540,55558.92,55364.99,55450
24/03/21,55002.53,55067.67,54972.63,54972.63
25/03/21,54703.59,54703.59,54529.46,54529.46
26/03/21,52223.72,52339,52223.72,52339
27/03/21,53850.24,53881.03,53844.79,53880.93
28/03/21,55890.66,55915.71,55890.59,55912.44
29/03/21,55217.76,55217.76,55104.98,55134.49
30/03/21,57665.67,57726.05,57665.67,57717.19
31/03/21,59118.91,59135,59023.96,59037.79
01/04/21,58601.17,58691.39,58399.44,58421.56
02/04/21,58927.59,58934.4,58887.04,58934.4
03/04/21,58864.8,58864.8,58800.7,58834.76
04/04/21,58588.26,58588.27,58503.07,58535.89
05/04/21,57972.69,57984.07,57969.06,57969.06
06/04/21,59065.52,59069.46,59051.24,59054.03
07/04/21,58258.14,58327.62,58258.14,58327.62
08/04/21,56075.95,56099.82,56024.76,56026.71
09/04/21,57729,57764.35,57729,57764.35
10/04/21,58377.2,58399.48,58371.82,58396.84
11/04/21,59536.96,59628.58,59536.96,59614.36
12/04/21,59673.05,59701.22,59643.05,59643.05
13/04/21,60044.47,60050,60036.99,60050
14/04/21,63043.49,63108.95,63018.05,63089.85
15/04/21,62140.95,62171.45,62026.79,62026.79
16/04/21,63482.22,63568.08,63482.22,63498
17/04/21,61863.98,61950,61858.23,61889.11
18/04/21,60765.43,60810.18,60765.43,60784.22
19/04/21,55828.36,55879.98,55828.36,55878.65
20/04/21,56027.41,56030.74,55953.77,55976.64
21/04/21,56639.28,56719.12,56639.28,56686.75
22/04/21,55513.09,55513.09,55406.73,55413.53
23/04/21,52921.52,52921.52,52632.78,52674.38
24/04/21,50969.63,50998.23,50944.12,50972.38
25/04/21,50737,50824.59,50737,50797.19
26/04/21,49368.83,49377.29,49275.15,49305.87
27/04/21,54102.08,54102.08,53960.84,53960.84
28/04/21,54846.82,54887.86,54846.82,54887.86
29/04/21,55479.42,55519,55384.78,55472.19
30/04/21,52892.87,52892.87,52800,52818.49
01/05/21,57092.42,57104.76,57070.25,57096.83
02/05/21,57828.02,57828.02,57797.4,57809.86
03/05/21,56916.72,56962.45,56916.72,56929.27
04/05/21,57547.38,57558.98,57466.7,57501.84
05/05/21,54603.47,54641.71,54603.47,54635.04
06/05/21,57166.9,57202.15,57063.93,57074.53
07/05/21,56190.29,56252.62,56165.31,56170.85
08/05/21,57643.47,57820.11,57643.47,57764.11
09/05/21,59093.68,59131.34,59089.47,59131.34
10/05/21,57345.42,57452.23,57287.72,57445.28
11/05/21,55694.85,55694.86,55538.32,55577.05
12/05/21,56724.25,56744.97,56689.48,56723.91
13/05/21,54469.85,54503.97,54382.49,54420.81
14/05/21,48559.35,48814.28,48522.2,48804.43
15/05/21,50200.95,50279.59,50199.19,50264.06
16/05/21,48149.13,48238.14,48080,48094.71
17/05/21,45546.72,45785.15,45456.89,45785.15
18/05/21,44235.01,44275.11,44189.88,44197.87
19/05/21,43286.18,43322.74,43220.79,43258.07
20/05/21,39413.18,39817.4,39409.92,39748.23
21/05/21,40226.84,40226.84,39946.76,39946.76
22/05/21,36094.58,36239.63,36086.63,36239.63
23/05/21,37343.12,37404.72,37343.12,37386.16
24/05/21,33132.6,33262.17,33132.6,33185.1
25/05/21,39680.99,39926.54,39680.99,39849.8
26/05/21,37365.72,37457.93,37341.02,37392.9
27/05/21,38547.69,38547.69,38464.95,38475.4
28/05/21,38822.96,38822.96,38801.4,38805.76
29/05/21,35806.14,35939.8,35806.14,35928.99
30/05/21,34050.9,34193.23,34050.9,34166.13
31/05/21,36102.48,36103.96,36059.21,36060.87
01/06/21,36903.62,37000,36903.54,36998.1
02/06/21,36002.33,36055.71,35972.75,36040.27
03/06/21,37841.93,37841.93,37801.24,37819.6
04/06/21,38576.41,38631.85,38569.12,38625.15
05/06/21,36828.09,36891,36828.09,36880.92
06/06/21,35764.83,35781.27,35705,35781.27
07/06/21,35730.9,35731.06,35714.86,35720.77
08/06/21,35631.07,35634.06,35599.65,35631.26
09/06/21,32911.13,32929.51,32828.31,32856.14
10/06/21,36291.76,36395.3,36291.76,36341.55
11/06/21,36706.18,36713.35,36632.36,36636.5
12/06/21,37261.88,37261.88,37200,37227.73
13/06/21,35788.18,35798.51,35782.41,35793.02
14/06/21,37700,37729.52,37685.02,37696.91
15/06/21,39696.86,39696.86,39673.05,39682.44
16/06/21,39966.88,39973.23,39888.75,39938.77
17/06/21,38679.31,38679.31,38603.76,38626.96
18/06/21,37682.9,37682.9,37569.49,37590
19/06/21,35313.83,35374.31,35239.68,35374.31
20/06/21,35941.85,35946.78,35931.14,35932.44
21/06/21,35512.11,35555.52,35438.5,35438.5
22/06/21,32583.38,32647.44,32566.9,32645.25
23/06/21,32414.67,32515.7,32380.29,32434.58
24/06/21,32897.81,33016.22,32869.44,32956.05
25/06/21,34865.22,34898.5,34813.82,34813.82
26/06/21,32216.72,32224.66,32139.98,32139.98
27/06/21,31591.13,31591.13,31498.91,31529.7
28/06/21,32808.72,32872.04,32808.72,32830.09
29/06/21,34463.82,34463.82,34363.25,34378.85
30/06/21,36413.16,36432.46,36413.16,36432.46
01/07/21,34786.46,34816.94,34786.46,34816.94
02/07/21,33139,33205.39,33139,33178.9
03/07/21,33332.53,33332.53,33314.68,33320.53
04/07/21,34753.97,34760.45,34748.19,34748.19
05/07/21,35565.98,35572.08,35529.42,35549.58
06/07/21,34149.71,34198.08,34149.71,34198.08
07/07/21,34037.47,34037.47,33993.13,34029
08/07/21,34619.31,34626.21,34601.79,34601.79
09/07/21,33031.89,33071.38,32999.3,33033.79
10/07/21,33449.51,33480.4,33449.51,33480.4
11/07/21,33426.36,33426.36,33405,33405
12/07/21,33890.48,33890.48,33878.44,33882.36
13/07/21,32793.03,32804.74,32766.35,32766.35
14/07/21,32286.64,32314.24,32245.83,32314.24
15/07/21,32738.65,32738.65,32710,32716.36
16/07/21,31533.98,31603.75,31533.98,31598.25
17/07/21,31900,31953.71,31900,31953.71
18/07/21,31869.45,31869.95,31859.74,31859.74
19/07/21,31625.42,31642.87,31622.97,31637.62
20/07/21,30748.31,30781.54,30748.31,30770
21/07/21,29790.12,29790.83,29780.9,29780.9
22/07/21,31634.86,31668.65,31584.84,31621.64
23/07/21,32387.9,32389.17,32365.11,32377.86
24/07/21,32267.75,32288.86,32260.13,32267.52
25/07/21,33850,33914.88,33833.73,33914.88
26/07/21,34379,34387.16,34339.36,34368.96
27/07/21,39318.83,39489.25,39070,39090.35
28/07/21,37816.22,37896.02,37816.22,37838.97
29/07/21,40373.57,40376.01,40353.28,40355.67
30/07/21,39677.03,39695.9,39665.78,39695.9
31/07/21,39909.99,39986.16,39776.25,39837.7
01/08/21,41317.48,41317.74,41298.9,41307.38
02/08/21,41279.64,41352.31,41279.64,41341.3
03/08/21,39169.71,39253.62,39169.71,39253.62
04/08/21,38005.47,38060.5,37936.57,38060.5
05/08/21,39797.62,39818.58,39785.63,39818.58
06/08/21,40756.27,40856.29,40756.27,40843.95
07/08/21,42935.59,42988.03,42935.59,42966.31
08/08/21,43968.11,44092,43880.18,44092
09/08/21,43746.45,43803.87,43710.9,43743.16
10/08/21,45995.58,46068.24,45950.7,46068.24
11/08/21,45529.93,45537.23,45529.43,45533.07
12/08/21,46471.59,46519,46430.14,46492.45
13/08/21,44407.42,44438.22,44390.96,44427.32
14/08/21,46467.5,46483.73,46439.25,46440.4
15/08/21,47087.83,47087.83,46953,46960
16/08/21,46398.22,46398.22,46372.2,46372.2
17/08/21,46060,46123.15,46039.54,46094.43
18/08/21,45455.69,45462.25,45342.49,45371.05
19/08/21,44880,44910.08,44862.57,44901.75
20/08/21,46745.28,46860.5,46743.5,46834.01
21/08/21,48680.71,48680.71,48673.32,48676.33
22/08/21,48986.08,49054.52,48986.08,49054.52
23/08/21,48678.31,48678.31,48620.8,48658.34
24/08/21,49239.4,49239.4,49174.49,49201.32
25/08/21,48245.57,48245.57,48211.93,48226.42
26/08/21,48697.99,48789.7,48697.99,48789.7
27/08/21,46944.84,46956.38,46899,46933.45
28/08/21,48332.44,48353.85,48328.72,48347.8
29/08/21,48694.06,48694.06,48669.92,48672.48
30/08/21,48846.64,48880.05,48846.64,48876.78
31/08/21,48650,48691.41,48650,48670.9
01/09/21,47306.81,47324.65,47252.75,47252.75
02/09/21,48150,48255.53,48122.71,48247.65
03/09/21,49355.24,49356.03,49301.88,49301.88
04/09/21,50542,50557.92,50489,50489
05/09/21,50023.26,50023.26,49989.84,49989.84
06/09/21,50729.52,50729.58,50729.52,50729.58
07/09/21,51750,51756.78,51750,51753.99
08/09/21,46700,46802.68,46700,46775.85
09/09/21,46466.52,46470.5,46359.88,46375.97
10/09/21,46593.8,46612.17,46567.54,46567.54
11/09/21,45656.3,45691.93,45656.3,45691.88
12/09/21,45334.7,45408.35,45306.89,45408.35
13/09/21,45897.2,45897.2,45879.79,45881.79
14/09/21,44769.39,44824.37,44769.39,44815.19
15/09/21,46499.51,46506.3,46482.59,46497.77
16/09/21,48110.99,48126.29,48095.75,48102.1
17/09/21,47458.37,47467.44,47411.02,47411.02
18/09/21,47515.32,47572.74,47498,47498
19/09/21,48254.4,48254.4,48216.92,48220.95
20/09/21,47374.04,47374.04,47321.73,47334.75
21/09/21,43838.73,43891.19,43799.02,43891.19
22/09/21,41995.36,42021.68,41892.81,41932.68
23/09/21,43450.49,43450.49,43375,43379.31
24/09/21,44807.49,44852.74,44807.49,44852.74
25/09/21,42416.81,42442.83,42372.84,42433.39
26/09/21,42723.22,42725.01,42700.19,42702
27/09/21,43312.1,43315.75,43312.1,43313.04
28/09/21,43042.79,43042.79,42995.73,43019.87
29/09/21,41622.4,41648.23,41583.91,41626.32
30/09/21,41175.95,41175.95,41164.87,41171.84
01/10/21,43545.62,43658.3,43545.62,43647.85
02/10/21,48058.24,48079,47987.05,47992.29
03/10/21,48276.12,48276.12,48237.39,48237.39
04/10/21,48841.41,48852.33,48827.96,48827.96
05/10/21,49424.19,49499.98,49414.07,49447.11
06/10/21,51231.48,51312.74,51231.48,51291.6
07/10/21,55080.67,55178.05,55080.62,55162.92
08/10/21,53991.95,54032.39,53991.95,54021.33
09/10/21,54692.17,54710.35,54654.96,54654.96
10/10/21,54669.39,54669.39,54557.64,54557.64
11/10/21,55486.91,55531.06,55449.41,55483.08
12/10/21,57479.84,57479.84,57400,57404.57
13/10/21,55316.92,55316.92,55241.41,55269.72
14/10/21,57281,57346.46,57272.56,57280.1
15/10/21,57877.42,57900,57823.93,57830.85
16/10/21,61445.79,61466.9,61400.54,61400.54
17/10/21,60841.56,60911.07,60841.05,60911.07
18/10/21,60488.09,60498.01,60447.21,60452.01
19/10/21,61413.68,61413.68,61334.35,61334.35
20/10/21,64232.16,64232.16,64047.47,64047.47
21/10/21,66429.76,66455.6,66343.45,66343.45
22/10/21,62834.33,62912.34,62773.98,62841.45
23/10/21,61018.92,61028.72,60900,60909.35
24/10/21,60989.45,61010.06,60967.23,60967.25
25/10/21,60632.44,60750.3,60625.85,60715.51
26/10/21,62691.9,62761.74,62691.9,62744.71
27/10/21,61996.87,61996.87,61930.78,61960.86
28/10/21,59139.64,59189.55,59102.44,59160.81
29/10/21,61340,61515.13,61340,61500
30/10/21,62574.63,62741.72,62446.47,62497.06
31/10/21,61762.41,61762.41,61752.05,61759.29
01/11/21,60726.59,60726.59,60663.63,60663.63
02/11/21,61499.7,61499.7,61343.38,61439.85
03/11/21,63612.72,63627.32,63466.8,63474.01
04/11/21,62874.83,62880.68,62803.49,62880.68
05/11/21,61277.48,61278.84,61210.84,61232.09
06/11/21,61158.48,61158.48,61059.22,61060.34
07/11/21,61247.3,61274,61195.51,61258.67
08/11/21,62500.69,62508.6,62463.38,62476.89
09/11/21,65953.78,65969.98,65946.81,65968.4
10/11/21,66549.91,66669.04,66549.91,66669.04
11/11/21,67777.9,67876.46,67759.85,67862.25
12/11/21,64777.53,64858.59,64771.24,64855.31
13/11/21,63908.14,63931.03,63908.14,63927.68
14/11/21,64142.33,64159.39,64047.82,64106.12
15/11/21,64025.45,64034.28,64020.62,64033.41
16/11/21,63812.17,63812.17,63730.48,63751.69
17/11/21,59946.59,60127.88,59874.74,60121.2
18/11/21,60490.78,60511.33,60423.75,60484.73
19/11/21,58014.86,58051.77,57991.85,58037.66
20/11/21,57960.44,57992.55,57932.63,57932.63
21/11/21,59490.18,59585.93,59474.99,59490
22/11/21,59524.85,59563.56,59524.85,59539.13
23/11/21,56477.4,56524.14,56477.4,56491.45
24/11/21,57436.58,57611.71,57429.65,57611.71
25/11/21,56818.58,56818.58,56795.29,56806.34
26/11/21,59170.62,59192.69,59139.04,59145.71
27/11/21,54112.41,54112.41,53999.3,54093.41
28/11/21,55008.25,55043.37,55008.25,55026.57
29/11/21,54177.02,54197.86,54111.91,54111.91
30/11/21,58706.02,58706.02,58678.59,58678.59
01/12/21,58383.09,58383.96,58240.12,58240.12
02/12/21,57470.64,57551.85,57469.46,57551.85
03/12/21,56756.6,56756.6,56677.69,56677.69
04/12/21,54861.55,54874.52,54834.75,54852.64
05/12/21,48948.84,48970.15,48850.36,48860.99
06/12/21,49178.07,49238.59,49178.07,49227.81
07/12/21,49263.48,49313.72,49263.48,49286.29
08/12/21,50957.63,50960.67,50918.17,50936.03
09/12/21,50616.92,50654.67,50557.94,50558.76
10/12/21,47780.43,47847.08,47746.49,47837.8
11/12/21,47840.44,47866.05,47814.25,47866.05
12/12/21,48713.47,48728.99,48702.81,48723.12
13/12/21,50547.37,50547.37,50513.88,50539.07
14/12/21,47405.1,47424.32,47374.73,47393.34
15/12/21,46682.9,46718.95,46667.14,46718.95
16/12/21,47829.28,47829.28,47340,47571.93
17/12/21,47999.48,48012.09,47982,47995.58
18/12/21,47004.98,47004.98,46978.52,46991.29
19/12/21,46779.11,46784,46735.53,46735.53
20/12/21,47116.82,47116.82,47116.45,47116.45
21/12/21,46294.87,46294.87,46257.27,46262.86
22/12/21,48446.76,48463.77,48438.6,48463.77
23/12/21,48592.86,48592.86,48519.72,48519.72
24/12/21,50595.54,50664.86,50583.26,50664.86
25/12/21,51631.11,51751.48,51631,51730.54
26/12/21,51035.8,51098.56,51035.8,51059.72
27/12/21,50403.76,50415.51,50403.76,50415.51
28/12/21,51708.8,51739.98,51691.55,51708.17
29/12/21,47799.48,47799.69,47717.37,47749.07
30/12/21,47547.85,47557.08,47547.85,47557.08
31/12/21,47895.43,47897.12,47835.07,47835.07
01/01/22,46659.24,46674.91,46588.98,46588.98
02/01/22,47609.27,47617.47,47609.27,47617.47
03/01/22,47058.9,47067,46978,47029.48
04/01/22,46503.28,46503.28,46465.49,46465.49
05/01/22,45717.81,45717.81,45664.42,45669.55
06/01/22,45904.12,45925.19,45903.8,45925.19
07/01/22,43387.55,43387.55,43315.08,43344.38
08/01/22,41752.5,41752.5,41715.54,41715.54
09/01/22,40668.89,40784.41,40588.88,40628.27
10/01/22,41986.2,41988.88,41966.36,41968.15
11/01/22,41617.89,41643.4,41554.01,41562.14
12/01/22,42762.19,42770.42,42754.03,42764.23
13/01/22,43618.04,43630.6,43598.68,43630.6
14/01/22,42727,42765.83,42693.85,42765.83
15/01/22,43100.44,43102.96,43081.7,43084.89
16/01/22,43361.79,43380.5,43358.17,43358.17
17/01/22,43091.86,43105.84,43091.86,43105.84
18/01/22,42204.81,42223.16,42204.81,42223.16
19/01/22,41622.13,41668.62,41622.13,41642.99
20/01/22,42000.58,42048.57,41980.94,42033.53
21/01/22,42868.2,42892.85,42800,42862.81
22/01/22,38336.33,38349.56,38294.12,38349.56
23/01/22,34412.93,34470.92,34412.93,34458.78
24/01/22,34954,35072.43,34954,35072.43
25/01/22,36188.7,36212.48,36154.52,36186
26/01/22,37335.86,37365.15,37292.98,37365.15
27/01/22,37981.7,38485,37909.58,38119.59
28/01/22,36220.53,36312.67,36212.47,36294.92
29/01/22,37080.63,37135.96,37080.63,37092.21
30/01/22,37843.54,37843.54,37822.36,37832.03
31/01/22,37850.11,37850.54,37838.22,37838.22
01/02/22,38495.66,38511.13,38495.66,38509.08
02/02/22,38549.83,38549.83,38473.19,38482.69
03/02/22,37495.01,37544.78,37495.01,37543.87
04/02/22,36795.98,36806.66,36773.96,36803.57
05/02/22,40517.41,40554.89,40511.82,40523.11
06/02/22,41699.38,41703.96,41657.49,41680.2
07/02/22,41543.98,41543.98,41543.98,41543.98
08/02/22,44107.36,44107.36,44066.57,44068.84
09/02/22,43003.97,43012.22,42944.71,42959.08
10/02/22,44224.18,44248.51,44224.18,44232.73
11/02/22,45254.24,45289.88,45245.17,45255.01
12/02/22,42684.22,42746.09,42668.28,42742.77
13/02/22,42863.82,42889.9,42855.73,42889.9
14/02/22,41978.47,42015.49,41978.47,42015.49
15/02/22,42243.18,42296.42,42235.62,42296.42
16/02/22,44169.13,44169.13,44132.07,44152.97
17/02/22,43889.39,44170,43867.88,44149.25
18/02/22,41296.29,41296.29,41224.46,41259.28
19/02/22,40193.44,40196.54,40174.19,40183.08
20/02/22,40140.43,40145.93,40139.13,40140.43
21/02/22,38423.09,38423.09,38423.09,38423.09
22/02/22,37761.56,37853.56,37746.74,37780.44
23/02/22,37733.92,37733.92,37675.1,37695.62
24/02/22,37787.37,37818.83,37759.32,37818.83
25/02/22,36456.62,36483.37,36376.19,36376.19
26/02/22,38685.59,38685.59,38617.75,38655.21
27/02/22,39149.58,39154.14,39149.58,39152.98
28/02/22,38896.58,38918.58,38895.33,38895.33
01/03/22,41228.49,41228.49,41171.43,41171.43
02/03/22,43857.31,43868.21,43819.77,43836.3
03/03/22,43621.93,43650.85,43614.14,43632.62
04/03/22,42264.59,42295.5,42264.59,42292.27
05/03/22,40614.01,40648.37,40599.45,40599.45
06/03/22,39424.5,39424.5,39378.63,39378.63
07/03/22,38900.7,38910.09,38855.11,38875.4
08/03/22,37977.34,38021.78,37927,38017.21
09/03/22,38664.99,38715.06,38664.99,38673.58
10/03/22,42050.58,42050.58,42016.85,42016.85
11/03/22,39205.99,39217.33,39146.81,39159.02
12/03/22,38602.54,38654.71,38602.07,38642.7
13/03/22,39063.33,39063.33,39028.36,39028.36
14/03/22,38859.3,38863.47,38764.1,38775.68
15/03/22,38805.15,38866.9,38800.55,38850.06
16/03/22,39736.87,39785.77,39736.87,39785.77
17/03/22,40887.91,40899,40796.27,40803.02
18/03/22,40906.04,40910.96,40887.9,40905.5
19/03/22,42085.13,42247.66,42083.66,42211.55
20/03/22,42041.57,42062.92,42032.76,42062.92
21/03/22,41410,41410,41410,41410
22/03/22,41198.64,41199.35,41160.54,41160.54
23/03/22,42289.41,42365.49,42289.41,42347.51
24/03/22,42242.37,42250.67,42207.98,42245.67
25/03/22,43953.46,43953.46,43936.21,43938.2
26/03/22,44470.72,44470.72,44426.82,44427.52
27/03/22,44395.41,44395.92,44373.62,44395.92
28/03/22,44864.48,44874.5,44864.48,44872.86
29/03/22,47974.06,47974.67,47940.05,47948.78
30/03/22,47736.91,47752.5,47719.74,47720.7
31/03/22,47111.7,47164.96,47096.44,47164.96
01/04/22,45617.11,45651.98,45609.57,45614.32
02/04/22,46382.07,46382.07,46365.18,46372.11
03/04/22,46150.89,46150.89,46147.87,46147.87
04/04/22,46440.01,46442.11,46440.01,46442.11
05/04/22,45933.78,45947.64,45906.76,45906.76
06/04/22,46023.56,46044.38,46021.22,46028.66
07/04/22,43772.45,43775.99,43720.2,43755.65
08/04/22,43389.57,43436.95,43389.57,43429.61
09/04/22,42739.32,42785.35,42684.64,42785.35
10/04/22,42549.99,42576.64,42549.98,42559.67
11/04/22,43282.6,43310.46,43272.38,43303.41
12/04/22,39981.1,40088.28,39944.81,40028.31
13/04/22,39321.1,39343.34,39273.65,39336.39
14/04/22,41050.01,41062.06,41029.46,41045.94
15/04/22,39767.37,39793.09,39767.37,39773.75
16/04/22,40321.6,40321.6,40297.27,40319.88
17/04/22,40225.16,40225.16,40213.29,40218.95
18/04/22,40399.49,40418.18,40395.56,40407.79
19/04/22,40717.85,40768.56,40717.85,40746.03
20/04/22,41406.05,41406.05,41306.91,41363.26
21/04/22,41200.36,41244.58,41200.36,41244.58
22/04/22,41244.49,41244.49,41152.11,41159.2
23/04/22,39490.38,39514.35,39476.68,39480.71
24/04/22,39774.97,39783.89,39772.07,39772.07
25/04/22,39712.05,39746.93,39712.05,39734.51
26/04/22,40251.85,40291.86,40251.85,40255.95
27/04/22,38289.99,38314.41,38240.44,38279.09
28/04/22,38876.08,38898.6,38836.12,38860.88
29/04/22,39977.24,39986.91,39952.71,39952.71
30/04/22,38372.63,38373.7,38317.28,38367.06
01/05/22,38484.87,38484.87,38434.03,38450.81
02/05/22,37803.32,37828.18,37803.32,37828.18
03/05/22,38556.53,38582.19,38541.67,38582.19
04/05/22,37703.08,37717.12,37696.44,37717.12
05/05/22,39834.48,39857.03,39831.9,39857.03
06/05/22,36271.02,36316.41,36246.62,36298.51
07/05/22,35993.92,35993.92,35955.73,35955.73
08/05/22,35869.73,35869.73,35865.22,35866.05
09/05/22,34587.02,34638.27,34587.02,34610.5
10/05/22,30960.24,31193.63,30921.51,31158.04
11/05/22,31316.37,31331.73,31301.83,31302.74
12/05/22,29323.69,29514.75,29285.61,29514.75
13/05/22,28570.62,28630.25,28558.22,28562.64
14/05/22,30039.9,30051.02,30016.29,30051.02
15/05/22,29311.63,29316.42,29277.48,29277.48
16/05/22,30430.93,30442.34,30423.17,30423.17
17/05/22,29555.88,29578.65,29534.65,29565.35
18/05/22,30072.62,30072.62,30024.68,30038.87
19/05/22,29237.5,29257.74,29237.5,29240
20/05/22,29925.07,29936.06,29912.03,29926.83
21/05/22,29265.95,29280.86,29250,29255.84
22/05/22,29441.13,29441.13,29422.52,29422.52
23/05/22,29895.87,29933.41,29895.87,29933.41
24/05/22,29043.83,29122.29,29010,29122.07
25/05/22,29371.41,29377.25,29344.59,29344.59
26/05/22,29572.03,29572.03,29525.44,29525.44
27/05/22,29353.13,29376.14,29340.01,29376.14
28/05/22,28813.62,28824.85,28766.56,28772.84
29/05/22,28991.83,28991.83,28985.31,28989.21
30/05/22,29087.56,29113.53,29086.48,29113.48
31/05/22,30624.62,30624.89,30605.4,30616.5
01/06/22,31610.61,31670.68,31610.61,31670.68
02/06/22,30076.79,30119.91,30073.16,30119.9
03/06/22,30282.4,30283.33,30273.3,30274.71
04/06/22,29547.81,29547.81,29547.81,29547.81
05/06/22,29623.41,29623.41,29611.07,29614.79
06/06/22,30037.19,30076.02,30037.19,30076.02
07/06/22,31456.98,31456.98,31426.4,31435.67
08/06/22,31075.84,31094.13,31049.65,31085.95
09/06/22,30117.01,30129.36,30088,30088.01
10/06/22,29975.75,29975.75,29950,29953.39
11/06/22,28951.83,28974.21,28939.4,28974.21
12/06/22,28571.75,28571.75,28532.49,28550.55
13/06/22,27383.72,27422.09,27376.53,27404.65
14/06/22,23147.74,23264.65,23147.74,23264.65
15/06/22,22159.78,22195.31,22146.4,22149.3
16/06/22,21597.13,21721.56,21597.13,21715.55
17/06/22,20837.7,20901.48,20834.26,20901.48
18/06/22,20497.41,20521.51,20497.4,20506.39
19/06/22,18038.44,18048.32,18006.96,18032.13
20/06/22,20104.68,20153.09,20104.68,20124
21/06/22,20042.86,20075.23,20042.86,20072.04
22/06/22,20863.25,20889.75,20850,20889.75
23/06/22,20115.38,20130.73,20094.1,20111.62
24/06/22,20894.01,20906.06,20883.09,20901.26
25/06/22,21239.02,21250,21223.74,21240.67
26/06/22,21200.72,21208.04,21200.72,21208.04
27/06/22,21275.99,21279.31,21275.98,21279.31
28/06/22,20840.83,20873.27,20840.83,20857.57
29/06/22,20230.56,20255.85,20230.47,20255.85
30/06/22,20205.74,20273.73,20205.74,20273.73
01/07/22,18892.96,18919.25,18883.9,18919.25
02/07/22,19372.79,19402.11,19372.79,19382.88
03/07/22,19241.14,19250.11,19241.13,19249.57
04/07/22,19482.14,19560,19482.14,19540.87
05/07/22,19804.43,19815.68,19804.43,19815.67
06/07/22,20377.42,20414.11,20377.42,20393.62
07/07/22,20302.86,20306.85,20297.26,20303.99
08/07/22,21845,21847.25,21773.18,21773.18
09/07/22,21788.09,21819.2,21788.09,21819.2
10/07/22,21607.28,21615.89,21596.06,21611.27
11/07/22,20910.32,20910.32,20892.77,20892.78
12/07/22,20477.4,20500,20477.39,20500
13/07/22,19381.59,19414.92,19373.73,19403.46
14/07/22,19645.03,19645.03,19645.03,19645.03
15/07/22,20608.68,20616.74,20597.1,20597.1
16/07/22,21161.63,21161.63,21112,21128.12
17/07/22,21184.79,21184.79,21168.87,21168.87
18/07/22,21030.89,21031.94,21030.89,21031.94
19/07/22,21620.05,21641.72,21587.22,21587.22
20/07/22,23422.76,23422.76,23388.4,23388.4
21/07/22,23674.37,23674.37,23669.67,23669.67
22/07/22,23196.14,23207.8,23184.51,23197.8
23/07/22,22605.47,22605.47,22572.97,22597.43
24/07/22,22271.14,22276.51,22271.14,22275.72
25/07/22,22696.26,22711.15,22696.26,22711.15
26/07/22,21902.34,21915.52,21902.34,21910.3
27/07/22,20920.28,20947.28,20897.16,20947.28
28/07/22,22797.55,22797.77,22746.73,22771.66
29/07/22,23806.07,23815.78,23794.38,23794.38
30/07/22,23923.87,23926.51,23899.02,23907.81
31/07/22,23940.63,23940.63,23914.9,23914.9
01/08/22,23848.21,23858.82,23847.76,23847.76
02/08/22,22969.19,22969.19,22950,22959.71
03/08/22,22954.9,22970.8,22954.9,22965.1
04/08/22,23469.78,23478.49,23460.92,23460.92
05/08/22,22479.3,22479.3,22479.3,22479.3
06/08/22,22924.21,22939.71,22924.21,22924.91
07/08/22,23199.28,23207.95,23199.28,23207.95
08/08/22,23178.23,23178.23,23161.61,23164.21
09/08/22,23924.51,23942.47,23924.51,23927.09
10/08/22,23073.48,23073.55,23073.48,23073.55
11/08/22,23658,23679,23653,23673
12/08/22,24242,24250,24207,24211
13/08/22,24186,24194,24176,24176
14/08/22,24417,24419,24402,24402
15/08/22,24300,24300,24287,24295
16/08/22,23997,23997,23986,23986
17/08/22,23945,23945,23932,23932
18/08/22,23281,23287,23276,23276
19/08/22,23351,23353,23348,23350
20/08/22,21329,21354,21329,21346
21/08/22,20992,20997,20975,20989
22/08/22,21525,21525,21525,21525
23/08/22,21053,21055,21049,21055
24/08/22,21517,21526,21517,21526
25/08/22,21716,21728,21716,21727
26/08/22,21602,21616,21601,21616
27/08/22,20647,20658,20640,20652
28/08/22,20018,20027,20018,20023
29/08/22,19973,19980,19968,19968
30/08/22,20098,20110,20098,20107
31/08/22,19948,19963,19947,19963
01/09/22,20222,20225,20217,20217
02/09/22,19866,19876,19866,19874
03/09/22,19912,19912,19892,19892
04/09/22,19706,19711,19698,19698
05/09/22,19883,19900,19883,19895
06/09/22,19706,19712,19706,19712
07/09/22,18826,18834,18811,18834
08/09/22,18995,19011,18995,19011
09/09/22,19349,19360,19348,19360
10/09/22,21295,21302,21271,21271
11/09/22,21586,21592,21572,21582
12/09/22,21624,21625,21614,21614
13/09/22,22436,22436,22401,22402
14/09/22,20284,20319,20284,20312
15/09/22,19949,19969,19948,19969
16/09/22,19803,19803,19796,19803
17/09/22,19619,19633,19619,19633
18/09/22,20015,20017,20015,20017
19/09/22,19724,19735,19721,19734
20/09/22,19509,19569,19509,19561
21/09/22,18995,19010,18995,19008
22/09/22,19005,19013,18983,19004
23/09/22,19320,19329,19320,19327
24/09/22,18809,18825,18809,18821
25/09/22,19107,19116,19107,19112
26/09/22,18924,18924,18924,18924
27/09/22,19203,19208,19180,19186
28/09/22,19068,19068,19044,19044
29/09/22,19538,19540,19533,19535
30/09/22,19405,19429,19405,19429
01/10/22,19486,19493,19456,19462
02/10/22,19266,19267,19254,19254
03/10/22,19275,19275,19275,19275
04/10/22,19561,19561,19549,19551
05/10/22,20226,20237,20217,20217
06/10/22,20137,20146,20128,20129
07/10/22,20017,20017,19999,20017
08/10/22,19462,19465,19461,19465
09/10/22,19467,19471,19467,19471
10/10/22,19472,19472,19467,19467
11/10/22,19210,19213,19210,19213
12/10/22,18999,18999,18995,18996
13/10/22,19143,19147,19140,19140
14/10/22,19366,19375,19364,19365
15/10/22,19166,19189,19166,19188
16/10/22,19103,19103,19099,19099
17/10/22,19375,19376,19365,19376
18/10/22,19528,19528,19528,19528
19/10/22,19220,19235,19207,19228
20/10/22,19228,19231,19228,19231
21/10/22,19062,19066,19062,19065
22/10/22,19191,19202,19191,19202
23/10/22,19187,19187,19187,19187
24/10/22,19505,19505,19503,19503
25/10/22,19345,19345,19344,19344
26/10/22,20275,20303,20272,20303
27/10/22,20774,20788,20774,20781
28/10/22,20636,20636,20626,20635
29/10/22,20612,20630,20612,20624
30/10/22,20844,20847,20844,20844
31/10/22,20655,20661,20655,20661
01/11/22,20364,20373,20364,20372
02/11/22,20448,20448,20442,20442
03/11/22,20241,20242,20204,20204
04/11/22,20269,20269,20258,20258
05/11/22,21103,21125,21085,21087
06/11/22,21335,21335,21334,21334
07/11/22,21222,21225,21222,21222
08/11/22,20711,20715,20708,20715
09/11/22,18591,18717,18573,18713
10/11/22,16594,16628,16589,16617
11/11/22,17349,17349,17348,17348
12/11/22,16810,16810,16789,16789
13/11/22,16844,16845,16842,16842
14/11/22,16498,16498,16494,16494
15/11/22,16590,16590,16586,16590
16/11/22,16715,16717,16701,16717
17/11/22,16535,16535,16533,16533
18/11/22,16697,16699,16694,16695
19/11/22,16568,16571,16568,16571
20/11/22,16611,16619,16611,16618
21/11/22,16562,16564,16562,16562
22/11/22,15954,15960,15954,15960
23/11/22,16125,16134,16122,16134
24/11/22,16519,16519,16459,16459
25/11/22,16570,16580,16570,16580
26/11/22,16483,16484,16483,16484
27/11/22,16463,16463,16450,16450
28/11/22,16556,16557,16556,16557
29/11/22,16159,16162,16159,16162
30/11/22,16416,16418,16416,16418
01/12/22,16924,16942,16924,16942
02/12/22,16933,16934,16931,16932
03/12/22,16958,16958,16955,16955
04/12/22,16972,16972,16972,16972
05/12/22,17071,17071,17062,17063
06/12/22,17052,17057,17052,17057
07/12/22,16974,16982,16974,16977
08/12/22,16789,16791,16789,16790
09/12/22,17248,17273,17248,17273
10/12/22,17150,17150,17150,17150
11/12/22,17189,17190,17189,17190
12/12/22,17202,17211,17202,17209
13/12/22,17030,17031,17030,17031
14/12/22,17713,17713,17709,17710
15/12/22,18221,18303,18041,18171
16/12/22,17398,17406,17398,17406
17/12/22,16820,16820,16814,16814
18/12/22,16708,16708,16708,16708
19/12/22,16746,16751,16746,16748
20/12/22,16543,16544,16532,16544
21/12/22,16843,16843,16838,16838
22/12/22,16792,16793,16792,16793
23/12/22,16615,16617,16614,16615
24/12/22,16836,16837,16836,16837
25/12/22,16841,16845,16840,16840
26/12/22,16779,16779,16774,16774
27/12/22,16816,16816,16815,16816
28/12/22,16622,16622,16621,16622
29/12/22,16629,16629,16629,16629
30/12/22,16626,16628,16626,16628
31/12/22,16561,16563,16561,16563
01/01/23,16567,16568,16567,16568
02/01/23,16588,16588,16588,16588
03/01/23,16718,16719,16718,16719
04/01/23,16639,16640,16639,16640
05/01/23,16948,16977,16942,16977
06/01/23,16839,16839,16839,16839
07/01/23,16849,16851,16849,16851
08/01/23,16936,16936,16936,16936
09/01/23,16926,16926,16926,16926
10/01/23,17350,17350,17349,17349
11/01/23,17439,17441,17428,17428
12/01/23,17488,17495,17488,17495
13/01/23,18810,18836,18810,18823
14/01/23,19296,19297,19277,19277
15/01/23,20760,20768,20756,20761
16/01/23,20821,20823,20819,20823
17/01/23,21285,21292,21255,21255
18/01/23,21372,21372,21361,21361
19/01/23,20937,20937,20912,20913
20/01/23,20981,20988,20981,20983
21/01/23,21396,21396,21388,21388
22/01/23,23266,23266,23260,23264
23/01/23,22828,22832,22828,22831
24/01/23,22935,22964,22935,22953
25/01/23,23003,23004,22996,22996
26/01/23,22735,22738,22716,22716
27/01/23,23041,23045,23030,23030
28/01/23,23189,23190,23187,23190
29/01/23,23004,23004,23002,23002
30/01/23,23687,23695,23680,23680
31/01/23,23140,23140,23131,23131
01/02/23,23170,23177,23165,23175
02/02/23,23068,23131,22943,23063
03/02/23,24065,24069,24061,24069
04/02/23,23419,23423,23418,23423
05/02/23,23450,23455,23450,23454
06/02/23,22857,22860,22857,22859
07/02/23,23034,23034,23025,23025
08/02/23,22927,22930,22927,22930
09/02/23,22890,22890,22871,22871
10/02/23,22516,22523,22507,22507
11/02/23,21713,21721,21713,21721
12/02/23,21656,21663,21656,21663
13/02/23,21982,21985,21980,21985
14/02/23,21649,21661,21648,21661
15/02/23,22117,22117,22101,22101
16/02/23,22981,22989,22977,22979
17/02/23,24974,24994,24974,24994
18/02/23,24366,24372,24366,24369
19/02/23,24717,24724,24715,24723
20/02/23,24479,24479,24467,24467
21/02/23,24822,24824,24822,24824
22/02/23,24690,24690,24682,24682
23/02/23,23744,23814,23711,23744
24/02/23,23870,23870,23859,23859
25/02/23,23090,23090,23086,23086
26/02/23,22982,22987,22982,22987
27/02/23,23490,23490,23476,23476
28/02/23,23287,23287,23274,23274
01/03/23,23486,23493,23484,23493
02/03/23,23696,23697,23683,23692
03/03/23,23450,23467,23449,23467
04/03/23,22316,22317,22309,22309
05/03/23,22326,22326,22325,22325
06/03/23,22437,22438,22436,22438
07/03/23,22504,22504,22504,22504
08/03/23,22199,22202,22199,22201
09/03/23,22020,22025,22020,22021
10/03/23,21006,21006,20959,20959
11/03/23,19849,19876,19849,19874
12/03/23,20458,20458,20450,20454
13/03/23,21084,21118,21065,21068
14/03/23,24400,24412,24379,24383
15/03/23,25134,25176,25042,25068
16/03/23,24430,24430,24393,24409
17/03/23,25022,25022,24995,24995
18/03/23,26892,26893,26837,26837
19/03/23,27419,27424,27419,27423
20/03/23,28345,28354,28331,28354
21/03/23,27866,27894,27866,27894
22/03/23,28204,28227,28204,28217
23/03/23,26739,26830,26688,26825
24/03/23,28425,28425,28325,28340
25/03/23,27852,27858,27842,27858
26/03/23,27246,27250,27244,27250
27/03/23,27852,27852,27839,27844
28/03/23,26980,27031,26973,27027
29/03/23,27453,27486,27452,27453
30/03/23,28422,28422,28399,28402
31/03/23,28005,28005,27970,27970
01/04/23,28462,28462,28442,28442
02/04/23,28398,28399,28398,28399
03/04/23,27951,27954,27933,27954
04/04/23,28104,28105,28090,28090
05/04/23,28201,28201,28186,28186
06/04/23,28248,28257,28241,28257
07/04/23,28031,28031,28021,28021
08/04/23,27920,27921,27920,27921
09/04/23,27947,27948,27947,27948
10/04/23,28174,28182,28174,28182
11/04/23,29194,29235,29194,29235
12/04/23,30158,30163,30088,30125
13/04/23,29818,29818,29798,29798
14/04/23,30365,30366,30365,30365
15/04/23,30347,30347,30315,30318
16/04/23,30368,30382,30362,30363
17/04/23,30338,30361,30338,30361
18/04/23,29484,29484,29480,29482
19/04/23,30234,30234,30213,30213
20/04/23,29225,29250,29225,29250
21/04/23,28088,28100,28058,28092
22/04/23,27276,27278,27251,27278
23/04/23,27628,27628,27628,27628
24/04/23,27474,27475,27454,27454
25/04/23,27382,27382,27371,27374
26/04/23,27629,27629,27625,27625
27/04/23,27891,27891,27598,27610
28/04/23,29701,29701,29666,29668
29/04/23,29338,29350,29337,29341
30/04/23,29262,29263,29254,29254
01/05/23,29374,29374,29363,29363
02/05/23,27809,27857,27806,27857
03/05/23,28705,28721,28705,28721
04/05/23,28324,28332,28317,28325
05/05/23,28907,28907,28870,28870
06/05/23,29589,29613,29589,29595
07/05/23,28919,28922,28916,28922
08/05/23,28957,28960,28957,28958
09/05/23,27358,27397,27328,27394
10/05/23,27729,27733,27713,27720
11/05/23,27702,27711,27702,27711
12/05/23,26854,26861,26839,26845
13/05/23,26484,26484,26454,26454
14/05/23,26853,26853,26853,26853
15/05/23,26890,26892,26882,26892
16/05/23,27424,27424,27416,27416
17/05/23,26933,26942,26931,26931
18/05/23,27409,27409,27409,27409
19/05/23,26726,26732,26719,26726
20/05/23,26838,26838,26836,26836
21/05/23,27082,27082,27082,27082
22/05/23,26921,26921,26921,26921
23/05/23,26856,26870,26856,26868
24/05/23,27187,27187,27184,27184
25/05/23,26243,26254,26243,26254
26/05/23,26474,26498,26474,26498
27/05/23,26782,26791,26782,26791
28/05/23,26743,26750,26743,26750
29/05/23,27531,27550,27531,27549
30/05/23,27641,27642,27638,27642
31/05/23,27863,27863,27859,27859
01/06/23,27024,27024,27013,27021
02/06/23,26876,26876,26864,26875
03/06/23,27248,27253,27242,27253
04/06/23,27103,27113,27101,27112
05/06/23,27223,27223,27222,27223
06/06/23,25618,25643,25618,25643
07/06/23,27109,27141,27109,27132
08/06/23,26481,26490,26477,26477
09/06/23,26537,26542,26534,26535
10/06/23,26406,26414,26406,26413
11/06/23,25760,25770,25750,25770
12/06/23,26048,26056,26048,26054
13/06/23,25820,25835,25804,25835
14/06/23,25894,25894,25884,25889
15/06/23,25865,25870,25853,25870
16/06/23,25435,25457,25435,25457
17/06/23,26362,26390,26361,26390
18/06/23,26471,26493,26471,26490
19/06/23,26643,26685,26643,26677
20/06/23,26686,26686,26670,26672
21/06/23,28004,28010,27982,28010
22/06/23,30137,30162,30125,30125
23/06/23,30225,30252,30225,30233
24/06/23,30914,30914,30904,30905
25/06/23,30642,30642,30616,30616
26/06/23,30440,30440,30440,30440
27/06/23,30272,30283,30272,30281
28/06/23,30678,30678,30670,30678
29/06/23,30094,30127,30094,30127
30/06/23,30584,30613,30584,30613
01/07/23,30364,30408,30364,30379
02/07/23,30616,30616,30616,30616
03/07/23,30564,30564,30563,30563
04/07/23,31259,31264,31241,31242
05/07/23,30700,30701,30691,30691
06/07/23,30439,30439,30436,30436
07/07/23,30311,30315,30300,30307
08/07/23,30248,30248,30230,30230
09/07/23,30115,30123,30114,30123
10/07/23,30249,30249,30247,30248
11/07/23,30840,30899,30837,30899
12/07/23,30582,30597,30582,30597
13/07/23,30277,30277,30252,30253
14/07/23,31637,31644,31609,31644
15/07/23,30137,30139,30106,30139
16/07/23,30340,30340,30327,30327
17/07/23,30268,30270,30259,30259
18/07/23,29893,29922,29889,29911
19/07/23,29712,29750,29712,29750
20/07/23,30045,30055,30038,30055
21/07/23,29752,29759,29752,29759
22/07/23,29876,29876,29865,29872
23/07/23,29841,29841,29832,29832
24/07/23,30089,30109,30089,30108
25/07/23,29107,29130,29107,29130
26/07/23,29198,29203,29191,29191
27/07/23,29405,29416,29405,29407
28/07/23,29158,29171,29145,29150
29/07/23,29314,29315,29313,29315
30/07/23,29338,29345,29338,29345
31/07/23,29190,29190,29159,29170
01/08/23,29153,29169,29151,29169
02/08/23,29261,29261,29253,29253
03/08/23,29126,29131,29122,29127
04/08/23,29255,29255,29255,29255
05/08/23,28990,28990,28978,28978
06/08/23,29037,29037,29037,29037
07/08/23,29053,29053,29053,29053
08/08/23,29119,29136,29119,29136
09/08/23,29890,29909,29887,29908
10/08/23,29395,29395,29366,29393
11/08/23,29398,29400,29392,29400
12/08/23,29363,29363,29360,29363
13/08/23,29401,29401,29400,29400
14/08/23,29422,29422,29421,29421
15/08/23,29329,29329,29321,29321
16/08/23,29147,29147,29130,29130
17/08/23,29079,29079,29068,29068
18/08/23,27855,27878,27855,27874
19/08/23,26045,26057,26045,26057
20/08/23,26126,26136,26125,26136
21/08/23,26137,26137,26137,26137
22/08/23,26098,26124,26097,26124
23/08/23,25776,25806,25776,25806
24/08/23,26619,26619,26544,26552
25/08/23,26025,26041,26023,26041
26/08/23,25945,25949,25945,25949
27/08/23,26026,26026,26025,26025
28/08/23,26113,26113,26113,26113
29/08/23,25975,25976,25975,25976
30/08/23,27855,27855,27855,27855
31/08/23,27198,27201,27188,27192
01/09/23,26147,26147,26124,26128
02/09/23,25628,25631,25621,25631
03/09/23,25825,25825,25825,25825
04/09/23,26002,26020,26002,26004
05/09/23,25885,25896,25885,25896
06/09/23,25675,25689,25675,25684
07/09/23,25670,25670,25666,25670
08/09/23,25871,25884,25871,25882
09/09/23,25886,25886,25877,25877
10/09/23,25866,25866,25866,25866
11/09/23,25790,25790,25777,25777
12/09/23,25010,25025,24997,24997
13/09/23,26071,26071,26062,26062
14/09/23,26150,26154,26150,26154
15/09/23,26689,26689,26689,26689
16/09/23,26407,26412,26407,26407
17/09/23,26538,26543,26533,26535
18/09/23,26512,26513,26512,26512
19/09/23,26830,26840,26830,26840
20/09/23,27198,27198,27182,27182
21/09/23,26950,26950,26933,26933
22/09/23,26588,26588,26588,26588
23/09/23,26542,26542,26541,26541
24/09/23,26613,26613,26613,26613
25/09/23,26455,26455,26441,26441
26/09/23,26335,26348,26335,26348
27/09/23,26232,26249,26232,26249
28/09/23,26239,26239,26234,26236
29/09/23,27094,27118,27086,27118
30/09/23,26920,26920,26920,26920
01/10/23,27031,27031,27029,27029
02/10/23,27109,27110,27107,27108
03/10/23,27956,27961,27955,27960
04/10/23,27280,27315,27271,27315
05/10/23,27623,27623,27611,27611
06/10/23,27481,27499,27481,27499
07/10/23,27975,27992,27968,27968
08/10/23,27882,27882,27882,27882
09/10/23,27911,27911,27911,27911
10/10/23,27611,27618,27611,27618
11/10/23,27406,27406,27399,27399
12/10/23,26755,26762,26753,26762
13/10/23,26704,26709,26698,26709
14/10/23,26770,26771,26770,26771
15/10/23,26862,26862,26862,26862
16/10/23,27045,27045,27033,27033
17/10/23,28478,28490,28478,28490
18/10/23,28531,28539,28527,28527
19/10/23,28258,28258,28236,28236
20/10/23,28780,28799,28765,28765
21/10/23,29578,29585,29552,29555
22/10/23,30164,30179,30164,30164
23/10/23,29860,29861,29860,29860
24/10/23,31378,31386,31374,31386
25/10/23,33787,33808,33766,33808
26/10/23,34738,34787,34734,34757
27/10/23,34035,34082,34035,34064
28/10/23,33707,33708,33707,33708
29/10/23,34124,34128,34116,34128
30/10/23,34587,34587,34587,34587
31/10/23,34447,34447,34445,34445
01/11/23,34541,34543,34519,34522
02/11/23,34575,34579,34549,34563
03/11/23,35015,35031,35006,35030
04/11/23,34546,34557,34506,34514
05/11/23,34753,34754,34736,34750
06/11/23,35052,35052,35046,35050
07/11/23,34957,34963,34953,34963
08/11/23,35401,35467,35401,35431
09/11/23,35598,35615,35598,35613
10/11/23,36374,36374,36360,36367
11/11/23,37274,37290,37262,37262
12/11/23,37138,37139,37122,37122
13/11/23,37170,37170,37160,37161
14/11/23,36757,36767,36757,36767
15/11/23,35253,35302,35212,35229
16/11/23,37383,37383,37342,37353
17/11/23,36224,36258,36224,36258
18/11/23,36485,36520,36485,36492
19/11/23,36739,36739,36739,36739
20/11/23,36882,36882,36843,36863
21/11/23,37554,37556,37543,37549
22/11/23,36908,36924,36871,36924
23/11/23,37203,37271,37203,37262
24/11/23,37286,37286,37272,37272
25/11/23,37745,37745,37733,37733
26/11/23,37841,37841,37840,37840
27/11/23,37258,37265,37258,37264
28/11/23,36974,36979,36973,36979
29/11/23,38023,38037,38022,38022
30/11/23,37866,37867,37854,37854
01/12/23,37750,37759,37748,37759
02/12/23,38721,38723,38715,38716
03/12/23,38898,38915,38897,38915
04/12/23,39560,39560,39559,39560
05/12/23,41725,41753,41719,41743
06/12/23,43726,43766,43715,43715
07/12/23,43941,43954,43936,43951
08/12/23,43317,43319,43309,43309
09/12/23,43822,43822,43808,43815
10/12/23,43983,43983,43965,43967
11/12/23,43831,43836,43831,43836
12/12/23,41008,41013,40964,40972
13/12/23,41263,41300,41260,41260
14/12/23,42133,42243,42133,42243
15/12/23,42867,42896,42861,42892
16/12/23,42097,42098,42088,42088
17/12/23,42448,42450,42440,42440
18/12/23,42119,42119,42094,42095
19/12/23,41623,41639,41623,41639
20/12/23,42173,42180,42167,42170
21/12/23,44161,44261,44161,44261
22/12/23,43623,43663,43609,43658
23/12/23,43986,43986,43943,43943
24/12/23,43825,43828,43825,43828
25/12/23,43697,43699,43696,43699
26/12/23,43437,43450,43437,43450
27/12/23,42127,42140,42105,42115
28/12/23,43206,43213,43184,43184
29/12/23,42491,42507,42489,42504
30/12/23,42067,42084,42064,42064
31/12/23,42411,42411,42381,42386
01/01/24,42652,42655,42651,42651
02/01/24,43147,43147,43147,43147
03/01/24,45185,45213,45162,45197
04/01/24,42284,42389,42284,42332
05/01/24,44095,44129,44095,44128
06/01/24,43641,43646,43600,43603
07/01/24,44032,44032,44025,44030
08/01/24,44123,44123,44123,44123
09/01/24,47008,47056,46950,46956
10/01/24,46656,46673,46656,46668
11/01/24,46573,46573,46473,46473
12/01/24,46606,46606,46557,46557
13/01/24,43422,43422,43387,43400
14/01/24,42823,42831,42821,42824
15/01/24,42886,42886,42878,42878
16/01/24,42948,42948,42933,42933
17/01/24,43016,43048,43016,43045
18/01/24,42568,42573,42551,42572
19/01/24,41447,41470,41415,41415
20/01/24,41766,41771,41733,41743
21/01/24,41585,41586,41577,41577
22/01/24,41664,41665,41664,41665
23/01/24,40260,40298,40176,40298
24/01/24,39085,39169,39085,39120
25/01/24,39742,39786,39738,39778
26/01/24,39821,39826,39803,39819
27/01/24,42105,42106,42091,42098
28/01/24,41803,41807,41795,41806
29/01/24,41963,41964,41946,41946
30/01/24,43019,43066,43015,43041
31/01/24,43374,43395,43374,43384
01/02/24,43500,43511,43421,43421
02/02/24,42838,42856,42838,42848
03/02/24,42900,42917,42900,42908
04/02/24,43051,43063,43049,43051
05/02/24,42770,42777,42770,42777
06/02/24,42686,42686,42662,42663
07/02/24,43180,43183,43170,43170
08/02/24,43630,43660,43630,43649
09/02/24,45305,45327,45305,45325
10/02/24,47600,47612,47567,47567
11/02/24,47353,47360,47353,47360
12/02/24,48294,48295,48278,48278
13/02/24,49742,49752,49729,49739
14/02/24,49125,49125,49100,49106
15/02/24,51483,51495,51482,51491
16/02/24,51997,51997,51979,51982
17/02/24,51992,51997,51986,51994
18/02/24,51283,51290,51283,51290
19/02/24,51814,51820,51814,51819
20/02/24,51932,51932,51916,51916
21/02/24,51516,51529,51506,51511
22/02/24,50838,50838,50681,50704
23/02/24,51699,51699,51662,51667
24/02/24,51094,51095,51094,51095
25/02/24,51440,51472,51440,51472
26/02/24,51571,51572,51571,51572
27/02/24,53635,53640,53594,53622
28/02/24,57160,57190,57160,57180
29/02/24,61130,61358,61130,61358
01/03/24,60791,60848,60736,60823
02/03/24,62363,62379,62350,62350
03/03/24,62084,62114,62084,62114
04/03/24,62865,62879,62844,62849
05/03/24,66667,66697,66606,66645
06/03/24,64021,64113,64008,64112
07/03/24,67170,67170,67101,67137
08/03/24,67703,67781,67689,67760
09/03/24,68716,68771,68716,68755
10/03/24,68417,68435,68415,68425
11/03/24,69529,69529,69494,69509
12/03/24,72074,72074,71947,72007
13/03/24,71475,71475,71393,71417
14/03/24,73484,73511,73353,73373
15/03/24,69284,69586,69251,69535
16/03/24,68980,69002,68857,68914
17/03/24,66879,66960,66879,66960
18/03/24,68505,68521,68459,68460
19/03/24,66952,67063,66952,67063
20/03/24,64382,64489,64381,64449
21/03/24,65786,65846,65666,65666
22/03/24,65205,65205,65055,65081
23/03/24,63884,63951,63874,63891
24/03/24,64961,64961,64935,64935
25/03/24,65884,65885,65805,65805
26/03/24,71095,71213,71070,71185
27/03/24,69456,69574,69425,69488
28/03/24,68579,68682,68579,68678
29/03/24,70850,70899,70806,70821
30/03/24,69702,69738,69697,69730
31/03/24,69904,69933,69904,69913
01/04/24,71088,71106,71085,71091
02/04/24,69720,69727,69618,69669
03/04/24,65938,65958,65897,65912
04/04/24,65831,65863,65822,65837
05/04/24,68520,68598,68520,68598
06/04/24,67412,67452,67392,67401
07/04/24,68298,68298,68266,68266
08/04/24,69073,69074,68996,69046
09/04/24,71778,71787,71743,71767
10/04/24,68939,69003,68939,69000
11/04/24,70075,70075,69994,69994
12/04/24,70483,70542,70469,70529
13/04/24,66861,66861,66731,66815
14/04/24,64759,64929,64733,64862
15/04/24,64219,64219,64150,64192
16/04/24,63316,63453,63313,63453
17/04/24,62717,62728,62698,62728
18/04/24,60996,61132,60968,61060
19/04/24,63545,63545,63427,63442
20/04/24,64341,64341,64249,64275
21/04/24,64918,64925,64909,64915
22/04/24,64553,64568,64392,64423
23/04/24,66558,66566,66535,66536
24/04/24,66485,66485,66441,66454
25/04/24,63946,64085,63946,64085
26/04/24,64713,64770,64701,64770
27/04/24,63719,63843,63718,63843
28/04/24,63317,63329,63317,63328
29/04/24,63707,63707,63676,63689
30/04/24,62965,63000,62940,62985
01/05/24,59160,59588,59160,59574
02/05/24,56879,57080,56879,57080
03/05/24,59341,59341,59292,59299
04/05/24,62100,62132,62033,62033
05/05/24,63923,63947,63923,63936
06/05/24,63880,63880,63867,63867
07/05/24,63218,63220,63190,63220
08/05/24,63043,63056,63018,63018
09/05/24,62147,62200,62147,62175
10/05/24,62440,62470,62409,62412
11/05/24,60644,60645,60599,60607
12/05/24,61128,61138,61112,61112
13/05/24,61388,61413,61388,61404
14/05/24,63166,63177,63116,63116
15/05/24,61556,61559,61523,61528
16/05/24,66083,66144,66040,66057
17/05/24,65214,65225,65200,65216
18/05/24,67075,67075,66957,66957
19/05/24,66935,66936,66908,66908
20/05/24,66032,66109,66019,66109
21/05/24,70057,70421,70057,70400
22/05/24,69241,69259,69237,69237
23/05/24,69664,69732,69664,69702
24/05/24,67118,67118,66343,66564
25/05/24,69110,69196,69110,69162
26/05/24,69170,69170,69170,69170
27/05/24,68864,68864,68863,68863
28/05/24,69188,69228,69125,69127
29/05/24,68341,68371,68299,68358
30/05/24,67199,67254,67192,67218
31/05/24,68648,68648,68503,68514
01/06/24,67584,67662,67584,67654
02/06/24,67684,67693,67678,67692
03/06/24,67700,67716,67697,67716
04/06/24,69190,69214,69146,69173
05/06/24,70444,70444,70369,70390
06/06/24,71312,71367,71312,71344
07/06/24,70451,70452,70386,70409
08/06/24,69213,69213,69150,69179
09/06/24,69456,69456,69455,69456
10/06/24,69713,69721,69713,69721
11/06/24,69488,69488,69417,69437
12/06/24,67320,67352,67306,67320
13/06/24,67543,67555,67467,67486
14/06/24,66577,66614,66551,66614
15/06/24,65486,65513,65432,65479
16/06/24,66113,66114,66100,66100
17/06/24,66501,66501,66501,66501
18/06/24,66660,66722,66625,66722
19/06/24,64371,64457,64289,64289
20/06/24,64855,64882,64855,64882
21/06/24,65042,65048,64992,65044
22/06/24,64195,64298,64195,64298
23/06/24,64275,64281,64275,64281
24/06/24,64121,64121,64109,64109
25/06/24,59272,59606,59221,59537
26/06/24,62026,62082,62010,62082
27/06/24,60954,60989,60919,60988
28/06/24,61380,61401,61380,61401
29/06/24,59980,60069,59923,60069
30/06/24,60958,60958,60933,60933
01/07/24,61931,61943,61925,61925
02/07/24,63167,63167,63118,63118
03/07/24,61902,61902,61864,61864
04/07/24,59623,59694,59623,59669
05/07/24,58251,58267,58250,58250
06/07/24,56454,56498,56454,56498
07/07/24,57847,57847,57840,57843
08/07/24,57139,57139,57112,57112
09/07/24,56493,56493,56449,56449
10/07/24,57874,57874,57848,57848
11/07/24,57398,57411,57396,57411
12/07/24,57370,57397,57357,57397
13/07/24,57601,57666,57601,57666
14/07/24,58616,58616,58613,58613
15/07/24,59929,59929,59929,59929
16/07/24,63435,63466,63397,63423
17/07/24,65205,65205,65121,65140
18/07/24,64632,64632,64560,64568
19/07/24,63540,63569,63516,63516
20/07/24,67213,67264,66999,67019
21/07/24,67261,67287,67261,67278
22/07/24,67452,67489,67429,67443
23/07/24,68276,68298,68198,68198
24/07/24,65540,65612,65532,65532
25/07/24,65652,65765,65652,65735
26/07/24,64674,64707,64670,64677
27/07/24,68003,68025,67940,67944
28/07/24,68266,68266,67974,67994
29/07/24,68108,68151,68108,68151
30/07/24,67286,67293,67255,67270
31/07/24,65887,65941,65887,65941
01/08/24,65228,65234,65153,65184
02/08/24,63340,63382,63326,63366
03/08/24,62560,62636,62559,62636
04/08/24,60206,60265,60199,60265
05/08/24,59240,59276,59198,59248
06/08/24,53483,53691,53483,53614
07/08/24,56761,56794,56729,56765
08/08/24,54726,54844,54719,54844
09/08/24,59472,59490,59432,59490
10/08/24,60706,60738,60662,60734
11/08/24,61026,61047,61026,61047
12/08/24,59634,59636,59624,59627
13/08/24,59059,59088,58994,59069
14/08/24,60844,60883,60794,60867
15/08/24,58895,58956,58895,58950
16/08/24,57062,57100,57043,57099
17/08/24,59696,59738,59687,59693
18/08/24,59473,59494,59473,59476
19/08/24,59717,59718,59714,59717
20/08/24,58982,59007,58949,58981
21/08/24,59473,59473,59473,59473
22/08/24,61622,61695,61622,61683
23/08/24,60303,60310,60303,60310
24/08/24,63656,63672,63632,63642
25/08/24,64230,64230,64217,64217
26/08/24,64213,64222,64213,64222
27/08/24,63340,63356,63313,63313
28/08/24,62097,62099,62059,62059
29/08/24,58905,58972,58905,58940
30/08/24,59265,59286,59240,59285
31/08/24,58693,58789,58693,58789
01/09/24,58857,58862,58857,58860
02/09/24,58498,58506,58498,58504
03/09/24,58460,58462,58460,58462
04/09/24,58024,58067,58024,58067
05/09/24,58060,58061,58060,58061
06/09/24,56039,56047,55975,56022
07/09/24,53478,53517,53460,53509
08/09/24,54410,54416,54396,54416
09/09/24,54340,54359,54340,54348
10/09/24,57102,57145,57022,57022
11/09/24,57960,57974,57904,57940
12/09/24,57611,57639,57562,57578
13/09/24,58394,58394,58309,58329
14/09/24,60551,60613,60551,60573
15/09/24,60012,60019,60012,60013
16/09/24,59121,59142,59087,59106
17/09/24,58208,58208,58183,58185
18/09/24,60318,60342,60318,60342
19/09/24,61765,61840,61749,61750
20/09/24,62950,62976,62950,62976
21/09/24,63211,63211,63211,63211
22/09/24,63364,63364,63364,63364
23/09/24,63577,63608,63577,63608
24/09/24,63325,63325,63325,63325
25/09/24,64291,64291,64291,64291
26/09/24,63121,63121,63104,63104
27/09/24,65175,65175,65175,65175
28/09/24,65781,65781,65781,65781
29/09/24,65875,65875,65872,65872
30/09/24,65605,65619,65602,65602
01/10/24,63331,63400,63321,63400
02/10/24,60760,60805,60746,60796
03/10/24,60627,60635,60624,60633
04/10/24,60747,60747,60746,60746
05/10/24,62080,62081,62080,62081
06/10/24,62057,62069,62057,62069
07/10/24,62831,62831,62804,62813
08/10/24,62211,62244,62211,62244
09/10/24,62114,62123,62112,62119
10/10/24,60589,60613,60571,60613
11/10/24,60278,60278,60263,60263
12/10/24,62511,62528,62511,62526
13/10/24,63193,63203,63179,63203
14/10/24,62850,62864,62833,62844
15/10/24,66070,66118,66070,66098
16/10/24,67061,67130,67061,67096
17/10/24,67608,67636,67608,67635
18/10/24,67392,67392,67365,67365
19/10/24,68420,68434,68420,68420
20/10/24,68367,68371,68367,68371
21/10/24,69011,69015,69011,69015
22/10/24,67345,67346,67345,67345
23/10/24,67382,67409,67373,67373
24/10/24,66602,66629,66598,66622
25/10/24,68155,68209,68155,68208
26/10/24,66576,66652,66561,66636
27/10/24,67009,67014,67009,67013
28/10/24,67937,67975,67937,67975
29/10/24,69918,69957,69918,69956
30/10/24,72727,72742,72722,72722
31/10/24,72330,72346,72320,72346
01/11/24,70202,70202,70175,70202
02/11/24,69468,69474,69468,69474
03/11/24,69339,69339,69338,69338
04/11/24,68738,68738,68709,68709
05/11/24,67817,67817,67785,67785
06/11/24,69396,69417,69362,69417
07/11/24,75638,75706,75638,75666
08/11/24,75918,75980,75918,75962
09/11/24,76560,76560,76542,76542
10/11/24,76707,76752,76707,76749
11/11/24,80426,80436,80366,80381
12/11/24,88771,88935,88726,88908
13/11/24,88038,88087,87990,88029
14/11/24,90498,90626,90498,90566
15/11/24,87298,87370,87252,87370
16/11/24,91069,91135,91046,91135
17/11/24,90643,90676,90627,90675
18/11/24,89865,89871,89824,89824
19/11/24,90514,90536,90441,90518
20/11/24,92434,92479,92395,92461
21/11/24,94374,94385,94374,94381
22/11/24,98451,98547,98442,98525
23/11/24,99010,99010,99009,99009
24/11/24,97765,97765,97759,97759
25/11/24,98021,98069,98021,98061
26/11/24,93006,93142,92942,92942
27/11/24,91929,91981,91929,91981
28/11/24,95945,95987,95935,95935
29/11/24,95670,95679,95658,95679
30/11/24,97510,97510,97482,97482
01/12/24,96471,96471,96442,96442
02/12/24,97260,97304,97254,97295
03/12/24,95858,95858,95848,95857
04/12/24,95926,96053,95926,96051
05/12/24,98751,98817,98746,98800
06/12/24,96968,97092,96968,97086
07/12/24,99898,99970,99898,99955
08/12/24,99969,99969,99967,99967
09/12/24,101188,101248,101188,101248
10/12/24,97318,97340,97277,97340
11/12/24,96658,96714,96655,96694
12/12/24,101238,101265,101238,101265
13/12/24,99998,99998,99998,99998
14/12/24,101433,101433,101413,101433
15/12/24,101408,101408,101380,101380
16/12/24,104476,104664,104476,104536
17/12/24,106109,106162,106094,106146
18/12/24,106187,106187,106187,106187
19/12/24,100133,100282,100133,100282
20/12/24,97416,97497,97416,97497
21/12/24,97745,97745,97721,97734
22/12/24,97245,97248,97229,97248
23/12/24,95098,95098,95098,95098
24/12/24,94750,94750,94691,94691
25/12/24,98637,98637,98636,98636
26/12/24,99357,99439,99357,99439
27/12/24,95666,95682,95620,95682
28/12/24,94159,94159,94118,94148
29/12/24,95139,95139,95139,95139
30/12/24,93564,93564,93505,93505
31/12/24,92637,92637,92637,92637
01/01/25,93347,93395,93347,93395
02/01/25,94380,94408,94380,94408
03/01/25,96895,96895,96895,96895
04/01/25,98133,98240,98133,98223
05/01/25,98218,98251,98218,98251
06/01/25,98389,98476,98377,98476
07/01/25,102278,102291,102263,102263
08/01/25,96922,96922,96819,96899
09/01/25,95034,95034,94961,94999
10/01/25,92545,92582,92545,92582
11/01/25,94702,94702,94678,94685
12/01/25,94573,94602,94573,94591
13/01/25,94498,94510,94484,94510
14/01/25,94537,94543,94487,94487
15/01/25,96560,96576,96560,96576
16/01/25,100512,100578,100506,100563
17/01/25,99975,99984,99968,99984
18/01/25,104119,104204,104119,104204
19/01/25,104432,104432,104369,104381
20/01/25,101191,101191,100917,100930
21/01/25,102155,102253,102013,102174
22/01/25,106149,106234,106149,106150
23/01/25,103659,103659,103613,103613
24/01/25,103922,103922,103883,103883
25/01/25,104855,104855,104711,104711
26/01/25,104741,104822,104741,104813
27/01/25,102573,102604,102507,102514
28/01/25,102065,102084,102061,102083
29/01/25,101291,101378,101291,101371
30/01/25,103768,103810,103746,103795
31/01/25,104737,104767,104737,104764
01/02/25,102408,102408,102331,102336
02/02/25,100638,100638,100493,100582
03/02/25,97670,97678,97559,97678
04/02/25,101456,101609,101456,101555
05/02/25,97809,97884,97770,97884
06/02/25,96614,96641,96471,96640
07/02/25,96566,96663,96522,96541
08/02/25,96534,96534,96418,96418
09/02/25,96472,96496,96472,96495
10/02/25,96533,96545,96533,96545
11/02/25,97465,97465,97465,97465
12/02/25,95756,95756,95684,95691
13/02/25,97882,97882,97785,97789
14/02/25,96631,96707,96631,96702
15/02/25,97515,97515,97498,97498
16/02/25,97591,97611,97591,97605
17/02/25,96066,96080,96060,96060
18/02/25,95779,95836,95769,95826
19/02/25,95612,95615,95564,95564
20/02/25,96639,96639,96618,96618
21/02/25,98335,98427,98335,98426
22/02/25,96137,96137,96116,96125
23/02/25,96571,96571,96532,96533
24/02/25,96264,96309,96264,96276
25/02/25,91516,91712,91481,91712
26/02/25,88573,88573,88478,88511
27/02/25,84150,84223,84150,84223
28/02/25,84621,84651,84621,84651
01/03/25,84316,84325,84288,84288
02/03/25,86031,86031,85978,85978
03/03/25,94272,94422,94272,94422
04/03/25,86161,86161,86049,86098
05/03/25,87262,87262,87172,87172
06/03/25,90590,90677,90581,90677
07/03/25,89922,90008,89872,89873
08/03/25,86754,86754,86629,86701
09/03/25,86204,86204,86175,86182
10/03/25,80728,80794,80708,80794
11/03/25,78599,78818,78576,78763
12/03/25,82941,82969,82915,82966
13/03/25,83677,83677,83677,83677
14/03/25,81084,81084,81062,81062
15/03/25,83984,84059,83984,84042
16/03/25,82921,83021,82921,82969
17/03/25,84354,84412,84354,84412
18/03/25,81984,82042,81983,82042
19/03/25,85604,85604,85399,85399
20/03/25,84127,84147,84126,84126
21/03/25,84083,84083,84069,84069
22/03/25,84221,84221,84217,84220
23/03/25,85037,85040,85019,85020
24/03/25,88446,88463,88444,88463
25/03/25,88059,88071,88011,88011
26/03/25,86164,86164,86087,86149
27/03/25,87309,87350,87309,87350
28/03/25,83667,83667,83583,83583
29/03/25,82350,82350,82306,82306
30/03/25,82564,82585,82564,82585
31/03/25,83219,83258,83219,83233
01/04/25,85030,85030,84978,84978
02/04/25,86239,86262,86219,86248
03/04/25,81931,82013,81931,81954
04/04/25,84088,84252,84088,84251
05/04/25,83010,83011,83010,83010
06/04/25,79700,79700,79499,79508
07/04/25,78549,78672,78508,78509
08/04/25,76636,76817,76625,76817
09/04/25,82332,82428,82332,82393
10/04/25,79582,79625,79557,79625
11/04/25,83867,83870,83832,83853
12/04/25,85186,85194,85149,85149
13/04/25,84464,84464,84351,84351
14/04/25,85026,85026,84971,85025
15/04/25,84201,84213,84152,84200
16/04/25,83920,83957,83920,83957
17/04/25,84851,84860,84732,84742
18/04/25,84621,84622,84621,84621
19/04/25,85100,85116,85100,85116
20/04/25,84583,84583,84583,84583
21/04/25,87213,87213,87188,87188
22/04/25,91651,91651,91645,91645
23/04/25,93283,93297,93245,93267
24/04/25,93338,93411,93337,93361
25/04/25,95096,95115,95062,95062
26/04/25,94240,94240,94229,94240
27/04/25,94290,94290,94239,94260
28/04/25,94691,94737,94691,94737
29/04/25,95419,95439,95418,95439
30/04/25,93962,93983,93962,93977